Tenure Months,Monthly Charges,Total Charges,Churn Value,Churn Score,CLTV,Revenue_Per_Month,Customer_Value,Service_Count,Gender_Male,Senior Citizen_Yes,Partner_Yes,Dependents_Yes,Phone Service_Yes,Multiple Lines_No phone service,Multiple Lines_Yes,Internet Service_Fiber optic,Internet Service_No,Online Security_No internet service,Online Security_Yes,Online Backup_No internet service,Online Backup_Yes,Device Protection_No internet service,Device Protection_Yes,Tech Support_No internet service,Tech Support_Yes,Streaming TV_No internet service,Streaming TV_Yes,Streaming Movies_No internet service,Streaming Movies_Yes,Contract_One year,Contract_Two year,Paperless Billing_Yes,Payment Method_Credit card (automatic),Payment Method_Electronic check,Payment Method_Mailed check,Churn_Probability,Risk_Segment
47,99.35,4749.15,1,77,5789,98.940625,4669.45,5,True,False,True,True,True,False,True,True,False,False,False,False,True,False,False,False,False,False,True,False,True,False,False,True,False,True,False,0.655,Medium Risk
17,64.7,1093.1,1,74,3022,60.727777777777774,1099.9,3,False,False,False,False,True,False,False,False,False,False,False,False,False,False,False,False,False,False,True,False,True,False,False,True,False,False,True,0.73,Medium Risk
5,69.7,316.9,1,66,2454,52.81666666666666,348.5,1,True,False,False,True,True,False,False,True,False,False,False,False,False,False,False,False,False,False,False,False,False,False,False,True,False,True,False,0.655,Medium Risk
15,99.1,1426.4,1,82,2966,89.15,1486.5,5,False,False,False,True,True,False,False,True,False,False,True,False,True,False,False,False,False,False,True,False,True,False,False,True,True,False,False,0.75,Medium Risk
8,80.65,633.3,1,69,5302,70.36666666666666,645.2,3,False,True,True,True,True,False,True,True,False,False,False,False,True,False,False,False,False,False,False,False,False,False,False,True,True,False,False,0.53,Medium Risk
5,21.05,113.85,1,66,2604,18.975,105.25,1,True,False,False,False,True,False,False,False,True,True,False,True,False,True,False,True,False,True,False,True,False,False,False,False,False,False,True,0.635,Medium Risk
27,78.05,2135.5,1,95,4638,76.26785714285714,2107.35,3,False,True,False,True,True,False,True,True,False,False,False,False,False,False,True,False,False,False,False,False,False,False,False,True,False,True,False,0.665,Medium Risk
1,70.45,70.45,1,76,3964,35.225,70.45,1,False,True,True,True,True,False,False,True,False,False,False,False,False,False,False,False,False,False,False,False,False,False,False,True,False,False,True,0.76,Medium Risk
8,71.15,563.65,1,66,2662,62.62777777777777,569.2,5,False,False,False,False,True,False,True,False,False,False,True,False,False,False,False,False,True,False,False,False,True,False,False,False,False,True,False,0.695,Medium Risk
53,94.85,5000.2,1,80,4328,92.59629629629627,5027.049999999999,4,False,False,True,False,True,False,False,True,False,False,False,False,False,False,True,False,False,False,True,False,True,True,False,True,False,False,False,0.725,Medium Risk
7,76.45,503.6,1,81,4419,62.95,535.15,2,False,True,False,True,True,False,False,True,False,False,True,False,False,False,False,False,False,False,False,False,False,False,False,False,False,False,False,0.79,Medium Risk
13,79.25,1111.65,1,73,5142,79.40357142857144,1030.25,3,False,False,False,True,True,False,False,True,False,False,False,False,True,False,True,False,False,False,False,False,False,False,False,True,False,True,False,0.795,Medium Risk
19,106.6,1934.45,1,71,3764,96.7225,2025.4,6,False,False,False,True,True,False,False,True,False,False,True,False,False,False,True,False,True,False,True,False,True,False,False,True,False,True,False,0.735,Medium Risk
52,105.05,5624.85,1,65,4839,106.12924528301888,5462.599999999999,6,False,False,True,False,True,False,True,True,False,False,False,False,True,False,True,False,False,False,True,False,True,False,False,True,False,True,False,0.685,Medium Risk
18,95.15,1779.95,1,68,4643,93.68157894736842,1712.7,4,True,False,True,False,True,False,False,True,False,False,False,False,False,False,True,False,False,False,True,False,True,False,False,False,False,False,True,0.5,Medium Risk
1,50.65,50.65,1,76,2431,25.325,50.65,2,True,False,False,False,True,False,False,False,False,False,False,False,True,False,False,False,False,False,False,False,False,False,False,False,False,False,True,0.79,Medium Risk
11,19.95,214.75,1,80,5888,17.895833333333332,219.45,1,True,True,True,False,True,False,False,False,True,True,False,True,False,True,False,True,False,True,False,True,False,False,False,False,False,False,True,0.69,Medium Risk
69,99.45,7007.6,1,80,4020,100.10857142857144,6862.05,5,True,False,True,False,True,False,True,True,False,False,False,False,False,False,True,False,False,False,True,False,True,False,False,True,True,False,False,0.53,Medium Risk
12,45.4,518.9,1,68,2887,39.91538461538461,544.8,1,True,False,False,False,True,False,False,False,False,False,False,False,False,False,False,False,False,False,False,False,False,False,False,True,False,False,False,0.73,Medium Risk
2,74.4,139.4,1,77,4263,46.46666666666667,148.8,2,False,False,True,False,True,False,False,True,False,False,True,False,False,False,False,False,False,False,False,False,False,False,False,True,False,True,False,0.775,Medium Risk
22,43.75,903.6,1,66,3099,39.28695652173913,962.5,3,True,False,False,False,False,True,False,False,False,False,False,False,True,False,True,False,False,False,False,False,True,True,False,True,False,False,False,0.66,Medium Risk
23,75.6,1758.6,1,81,2115,73.27499999999999,1738.8,2,False,False,False,False,True,False,True,True,False,False,False,False,False,False,False,False,False,False,False,False,False,False,False,False,False,False,False,0.77,Medium Risk
34,100.05,3480.0,1,72,2568,99.42857142857144,3401.7,5,True,False,True,False,True,False,True,True,False,False,False,False,False,False,True,False,False,False,True,False,True,False,False,True,False,True,False,0.775,Medium Risk
13,45.55,597.0,1,74,4856,42.642857142857146,592.15,3,True,False,False,False,False,True,False,False,False,False,True,False,False,False,False,False,True,False,True,False,False,False,False,True,True,False,False,0.71,Medium Risk
56,100.3,5614.45,1,67,5170,98.49912280701754,5616.8,5,True,False,True,False,True,False,True,True,False,False,False,False,True,False,False,False,False,False,True,False,True,True,False,False,True,False,False,0.685,Medium Risk
9,65.0,663.05,1,76,3983,66.30499999999999,585.0,5,False,False,True,False,True,False,False,False,False,False,True,False,True,False,True,False,True,False,False,False,False,False,False,False,False,False,True,0.73,Medium Risk
43,110.75,4687.9,1,65,2728,106.5431818181818,4762.25,7,True,True,True,False,True,False,True,True,False,False,False,False,True,False,True,False,True,False,True,False,True,False,False,True,False,False,False,0.69,Medium Risk
43,56.15,2499.3,1,65,2152,56.80227272727273,2414.45,2,False,False,True,False,True,False,False,False,False,False,False,False,False,False,False,False,False,False,True,False,False,False,False,False,False,True,False,0.735,Medium Risk
8,19.65,164.3,1,83,5432,18.25555555555556,157.2,1,False,True,False,False,True,False,False,False,True,True,False,True,False,True,False,True,False,True,False,True,False,False,False,False,False,True,False,0.655,Medium Risk
1,19.55,19.55,1,66,3556,9.775,19.55,1,True,False,False,False,True,False,False,False,True,True,False,True,False,True,False,True,False,True,False,True,False,False,False,False,False,False,True,0.655,Medium Risk
45,87.25,3941.7,1,73,5269,85.6891304347826,3926.25,4,False,False,False,False,True,False,True,True,False,False,False,False,False,False,True,False,True,False,False,False,False,False,False,True,False,True,False,0.755,Medium Risk
70,104.0,7250.15,1,80,4544,102.11478873239436,7280.0,6,True,False,False,False,True,False,True,True,False,False,True,False,False,False,False,False,True,False,True,False,True,False,True,True,True,False,False,0.69,Medium Risk
60,90.95,5453.4,1,76,4111,89.39999999999999,5457.0,4,True,False,True,False,True,False,False,True,False,False,False,False,True,False,True,False,False,False,True,False,False,True,False,False,False,True,False,0.735,Medium Risk
60,50.8,3027.4,1,67,4941,49.62950819672131,3048.0,3,False,False,False,False,False,True,False,False,False,False,False,False,True,False,False,False,False,False,True,False,True,False,False,True,False,True,False,0.655,Medium Risk
10,110.1,1043.3,1,76,5803,94.84545454545454,1101.0,7,True,False,False,False,True,False,False,True,False,False,True,False,True,False,True,False,True,False,True,False,True,False,False,True,False,True,False,0.72,Medium Risk
63,100.55,6215.35,1,79,5413,97.11484375,6334.65,6,False,False,True,False,True,False,True,True,False,False,True,False,True,False,True,False,False,False,True,False,False,False,False,True,False,True,False,0.765,Medium Risk
1,24.6,24.6,1,76,5768,12.3,24.6,0,False,False,False,False,False,True,False,False,False,False,False,False,False,False,False,False,False,False,False,False,False,False,False,False,False,True,False,0.54,Medium Risk
7,19.25,112.3,1,82,4489,14.0375,134.75,1,True,False,False,False,True,False,False,False,True,True,False,True,False,True,False,True,False,True,False,True,False,False,False,False,False,True,False,0.72,Medium Risk
33,80.6,2656.5,1,72,3601,78.13235294117646,2659.8,3,False,True,True,False,True,False,True,True,False,False,False,False,True,False,False,False,False,False,False,False,False,False,False,True,False,False,False,0.565,Medium Risk
12,53.65,696.35,1,78,2595,53.565384615384616,643.8,2,True,False,True,False,True,False,False,False,False,False,False,False,False,False,False,False,False,False,False,False,True,True,False,False,True,False,False,0.755,Medium Risk
12,43.65,526.95,1,74,2437,40.534615384615385,523.8,3,True,True,False,False,False,True,False,False,False,False,False,False,False,False,True,False,True,False,False,False,True,False,False,True,False,True,False,0.765,Medium Risk
23,90.05,2169.8,1,67,4650,90.40833333333336,2071.15,4,False,False,False,False,True,False,True,True,False,False,True,False,False,False,False,False,False,False,True,False,False,False,False,True,False,False,False,0.785,Medium Risk
2,69.75,144.55,1,68,5667,48.18333333333334,139.5,1,False,False,False,False,True,False,False,True,False,False,False,False,False,False,False,False,False,False,False,False,False,False,False,False,False,False,False,0.715,Medium Risk
41,114.5,4527.45,1,80,3038,107.79642857142856,4694.5,8,False,False,False,False,True,False,True,True,False,False,True,False,True,False,True,False,True,False,True,False,True,False,False,True,False,False,False,0.79,Medium Risk
21,60.05,1236.15,1,70,4716,56.18863636363637,1261.05,3,True,True,False,False,True,False,False,False,False,False,False,False,False,False,True,False,False,False,True,False,False,False,False,True,False,False,False,0.735,Medium Risk
24,90.55,2282.55,1,67,5927,91.302,2173.2,4,True,False,False,False,True,False,True,True,False,False,False,False,True,False,False,False,False,False,True,False,False,False,False,True,True,False,False,0.75,Medium Risk
68,89.6,6127.6,1,69,5651,88.80579710144929,6092.799999999999,4,False,True,True,False,True,False,True,True,False,False,False,False,True,False,False,False,False,False,False,False,True,False,False,True,False,False,False,0.755,Medium Risk
39,89.55,3474.45,1,65,3849,86.86125,3492.45,5,False,False,True,False,True,False,True,True,False,False,False,False,True,False,True,False,True,False,False,False,False,True,False,True,False,True,False,0.72,Medium Risk
59,99.5,5961.1,1,76,6098,99.35166666666667,5870.5,5,True,False,True,False,True,False,True,True,False,False,False,False,False,False,True,False,False,False,True,False,True,True,False,True,False,False,False,0.78,Medium Risk
1,25.2,25.2,1,67,5688,12.6,25.2,0,False,True,False,False,False,True,False,False,False,False,False,False,False,False,False,False,False,False,False,False,False,False,False,True,False,True,False,0.69,Medium Risk
14,87.25,1258.6,1,78,4786,83.90666666666667,1221.5,4,False,False,True,False,True,False,True,True,False,False,False,False,False,False,True,False,False,False,False,False,True,False,False,True,False,True,False,0.715,Medium Risk
59,41.05,2452.7,1,70,4324,40.87833333333333,2421.95,2,True,False,True,False,False,True,False,False,False,False,False,False,True,False,False,False,False,False,False,False,True,False,False,True,False,False,False,0.71,Medium Risk
10,85.6,813.85,1,70,5146,73.98636363636363,856.0,3,True,False,True,False,True,False,True,True,False,False,False,False,False,False,False,False,False,False,True,False,False,False,False,True,False,True,False,0.665,Medium Risk
1,49.95,49.95,1,71,2041,24.975,49.95,2,False,False,False,False,True,False,True,False,False,False,False,False,False,False,False,False,False,False,False,False,False,False,False,True,False,False,False,0.555,Medium Risk
64,100.05,6254.2,1,69,5452,96.21846153846154,6403.2,5,False,False,False,False,True,False,True,True,False,False,False,False,False,False,True,False,False,False,True,False,True,True,False,True,True,False,False,0.655,Medium Risk
1,20.55,20.55,1,87,5636,10.275,20.55,1,True,False,False,False,True,False,False,False,True,True,False,True,False,True,False,True,False,True,False,True,False,False,False,False,False,True,False,0.74,Medium Risk
29,68.85,1970.5,1,79,5449,65.68333333333334,1996.65,5,False,False,False,False,True,False,False,False,False,False,True,False,True,False,True,False,False,False,False,False,True,False,False,True,False,False,False,0.635,Medium Risk
14,75.35,1025.95,1,71,4995,68.39666666666668,1054.9,2,False,False,False,False,True,False,False,True,False,False,False,False,False,False,True,False,False,False,False,False,False,False,False,False,False,True,False,0.795,Medium Risk
66,99.5,6710.5,1,73,4001,100.15671641791045,6567.0,5,True,False,False,False,True,False,False,True,False,False,False,False,True,False,True,False,False,False,True,False,True,False,False,False,False,True,False,0.765,Medium Risk
7,59.5,415.95,1,91,4661,51.99375,416.5,3,False,False,False,False,True,False,False,False,False,False,False,False,False,False,False,False,True,False,True,False,False,False,False,True,False,False,True,0.755,Medium Risk
67,87.4,5918.8,1,65,4421,87.04117647058824,5855.8,4,True,False,True,False,True,False,True,True,False,False,False,False,True,False,True,False,False,False,False,False,False,True,False,False,False,True,False,0.7,Medium Risk
17,85.35,1463.45,1,70,3209,81.30277777777778,1450.9499999999998,4,False,True,True,False,True,False,True,True,False,False,True,False,False,False,True,False,False,False,False,False,False,False,False,True,False,False,False,0.505,Medium Risk
48,106.1,5082.8,1,69,5898,103.73061224489796,5092.799999999999,6,True,False,False,False,True,False,True,True,False,False,False,False,True,False,True,False,False,False,True,False,True,True,False,True,True,False,False,0.79,Medium Risk
50,105.95,5341.8,1,79,5536,104.74117647058824,5297.5,6,True,False,True,False,True,False,True,True,False,False,True,False,False,False,True,False,False,False,True,False,True,False,False,False,True,False,False,0.765,Medium Risk
26,60.05,1616.15,1,71,2039,59.85740740740741,1561.3,4,False,False,True,False,True,False,True,False,False,False,False,False,True,False,False,False,True,False,False,False,False,False,False,True,False,True,False,0.685,Medium Risk
4,74.4,299.7,1,69,3633,59.94,297.6,5,True,False,False,False,True,False,False,False,False,False,False,False,False,False,True,False,True,False,True,False,True,False,False,True,False,True,False,0.795,Medium Risk
1,59.85,59.85,1,71,4017,29.925,59.85,3,True,False,False,False,True,False,True,False,False,False,False,False,False,False,False,False,False,False,True,False,False,False,False,True,False,True,False,0.69,Medium Risk
1,19.5,19.5,1,77,5211,9.75,19.5,1,False,False,False,False,True,False,False,False,True,True,False,True,False,True,False,True,False,True,False,True,False,False,False,False,False,False,True,0.75,Medium Risk
4,20.35,77.5,1,76,5984,15.5,81.4,1,False,False,False,False,True,False,False,False,True,True,False,True,False,True,False,True,False,True,False,True,False,False,False,False,False,False,True,0.6,Medium Risk
38,84.25,3264.5,1,70,2885,83.7051282051282,3201.5,4,False,False,False,False,True,False,False,True,False,False,False,False,True,False,True,False,True,False,False,False,False,False,False,True,True,False,False,0.755,Medium Risk
24,96.0,2122.45,1,71,3068,84.898,2304.0,4,True,False,False,False,True,False,False,True,False,False,False,False,False,False,False,False,True,False,True,False,True,False,False,True,False,True,False,0.75,Medium Risk
65,108.65,6937.95,1,79,6120,105.12045454545456,7062.25,7,True,False,True,False,True,False,True,True,False,False,True,False,False,False,True,False,True,False,True,False,True,False,True,False,False,False,False,0.74,Medium Risk
38,57.15,2250.65,1,75,3110,57.70897435897436,2171.7,3,False,True,False,False,True,False,False,False,False,False,True,False,True,False,False,False,False,False,False,False,False,False,False,True,True,False,False,0.625,Medium Risk
1,45.95,45.95,1,69,4888,22.975,45.95,1,False,False,False,False,True,False,False,False,False,False,False,False,False,False,False,False,False,False,False,False,False,False,False,False,False,False,True,0.785,Medium Risk
3,83.75,247.25,1,65,4852,61.8125,251.25,3,False,False,False,False,True,False,False,True,False,False,False,False,True,False,False,False,False,False,True,False,False,False,False,False,False,True,False,0.67,Medium Risk
16,72.65,1194.3,1,73,2850,70.25294117647059,1162.4,2,False,False,False,False,True,False,True,True,False,False,False,False,False,False,False,False,False,False,False,False,False,False,False,False,False,True,False,0.575,Medium Risk
1,21.0,21.0,1,90,3753,10.5,21.0,1,False,False,True,False,True,False,False,False,True,True,False,True,False,True,False,True,False,True,False,True,False,False,False,True,False,True,False,0.77,Medium Risk
44,84.8,3862.55,1,66,3997,85.83444444444444,3731.2,4,False,False,False,False,True,False,True,True,False,False,False,False,True,False,True,False,False,False,False,False,False,False,False,True,False,False,False,0.795,Medium Risk
31,19.55,658.95,1,67,2687,20.5921875,606.0500000000001,1,False,False,True,False,True,False,False,False,True,True,False,True,False,True,False,True,False,True,False,True,False,False,False,True,False,False,True,0.66,Medium Risk
8,25.5,215.2,1,78,5578,23.91111111111111,204.0,0,True,False,False,False,False,True,False,False,False,False,False,False,False,False,False,False,False,False,False,False,False,False,False,False,False,False,True,0.785,Medium Risk
24,49.55,1210.4,1,80,5005,48.416,1189.1999999999998,2,True,False,False,False,True,False,False,False,False,False,True,False,False,False,False,False,False,False,False,False,False,False,False,True,False,False,False,0.7,Medium Risk
47,98.75,4533.7,1,80,4622,94.45208333333332,4641.25,6,False,False,True,False,True,False,True,True,False,False,True,False,True,False,True,False,False,False,True,False,False,False,False,True,False,True,False,0.58,Medium Risk
67,104.1,7040.85,1,74,4857,103.54191176470589,6974.7,6,True,False,True,False,True,False,True,True,False,False,False,False,True,False,True,False,False,False,True,False,True,True,False,False,False,True,False,0.775,Medium Risk
67,90.6,6056.15,1,73,4394,89.06102941176471,6070.2,4,True,False,True,False,True,False,False,True,False,False,True,False,True,False,False,False,False,False,False,False,True,True,False,True,True,False,False,0.665,Medium Risk
49,59.75,2934.3,1,78,6006,58.68600000000001,2927.75,4,False,False,False,False,True,False,True,False,False,False,True,False,True,False,False,False,False,False,False,False,False,False,False,True,True,False,False,0.73,Medium Risk
17,80.85,1400.85,1,77,5174,77.82499999999999,1374.4499999999998,2,True,False,True,False,True,False,False,True,False,False,False,False,False,False,False,False,False,False,True,False,False,False,False,False,False,True,False,0.625,Medium Risk
40,42.35,1716.45,1,67,5422,41.864634146341466,1694.0,3,True,False,True,False,False,True,False,False,False,False,True,False,True,False,True,False,False,False,False,False,False,True,False,True,False,True,False,0.715,Medium Risk
33,86.15,2745.7,1,66,3336,80.75588235294117,2842.9500000000003,3,False,False,True,False,True,False,True,True,False,False,False,False,False,False,False,False,False,False,False,False,True,False,False,False,True,False,False,0.795,Medium Risk
30,85.15,2555.9,1,76,4417,82.4483870967742,2554.5,3,False,False,False,False,True,False,False,True,False,False,False,False,False,False,False,False,True,False,True,False,False,False,False,False,False,True,False,0.795,Medium Risk
14,86.3,1180.95,1,74,3677,78.73,1208.2,3,False,False,False,False,True,False,False,True,False,False,False,False,True,False,False,False,False,False,False,False,True,False,False,True,False,True,False,0.745,Medium Risk
10,70.0,740.0,1,67,3156,67.27272727272727,700.0,1,True,False,False,False,True,False,False,True,False,False,False,False,False,False,False,False,False,False,False,False,False,False,False,True,False,True,False,0.62,Medium Risk
16,65.2,1043.35,1,73,4722,61.3735294117647,1043.2,4,False,False,False,False,True,False,True,False,False,False,False,False,False,False,True,False,False,False,False,False,True,False,False,True,True,False,False,0.745,Medium Risk
53,93.9,5029.2,1,68,5543,93.13333333333333,4976.700000000001,5,True,False,True,False,True,False,True,True,False,False,True,False,False,False,True,False,False,False,False,False,True,False,False,False,False,True,False,0.745,Medium Risk
69,108.4,7318.2,1,73,4708,104.54571428571428,7479.6,7,True,True,True,False,True,False,True,True,False,False,False,False,True,False,True,False,True,False,True,False,True,False,True,True,False,False,False,0.695,Medium Risk
48,103.25,5037.55,1,71,4736,102.80714285714286,4956.0,6,False,False,True,False,True,False,True,True,False,False,True,False,True,False,False,False,False,False,True,False,True,True,False,True,True,False,False,0.735,Medium Risk
17,70.4,1214.05,1,67,4469,67.44722222222222,1196.8000000000002,1,True,False,True,False,True,False,False,True,False,False,False,False,False,False,False,False,False,False,False,False,False,False,False,True,False,False,False,0.765,Medium Risk
32,106.35,3520.75,1,65,4113,106.68939393939394,3403.2,6,True,True,True,False,True,False,True,True,False,False,False,False,True,False,True,False,False,False,True,False,True,False,False,False,False,False,False,0.745,Medium Risk
33,103.7,3467.0,1,76,4461,101.97058823529412,3422.1,6,False,False,True,False,True,False,True,True,False,False,True,False,False,False,True,False,False,False,True,False,True,True,False,True,False,False,True,0.755,Medium Risk
28,106.1,2847.4,1,85,3770,98.18620689655172,2970.8,6,True,False,True,False,True,False,True,True,False,False,True,False,True,False,False,False,False,False,True,False,True,True,False,False,False,True,False,0.795,Medium Risk
35,75.35,2636.05,1,79,2785,73.22361111111111,2637.25,2,True,False,False,False,True,False,True,True,False,False,False,False,False,False,False,False,False,False,False,False,False,False,False,False,True,False,False,0.775,Medium Risk
16,96.4,1581.2,1,80,2688,93.01176470588236,1542.4,4,False,True,False,False,True,False,True,True,False,False,False,False,False,False,False,False,False,False,True,False,True,False,False,True,False,True,False,0.79,Medium Risk
1,19.4,19.4,1,66,4152,9.7,19.4,1,True,False,False,False,True,False,False,False,True,True,False,True,False,True,False,True,False,True,False,True,False,False,False,False,False,False,True,0.545,Medium Risk
25,25.3,676.35,1,79,3779,26.013461538461534,632.5,2,True,False,False,False,True,False,True,False,True,True,False,True,False,True,False,True,False,True,False,True,False,True,False,False,False,False,False,0.545,Medium Risk
46,93.7,4154.8,1,70,3378,88.4,4310.2,5,True,False,False,False,True,False,True,True,False,False,True,False,True,False,False,False,False,False,False,False,True,False,False,True,False,True,False,0.735,Medium Risk
18,82.0,1425.45,1,79,3306,75.02368421052631,1476.0,6,True,False,False,False,True,False,True,False,False,False,False,False,False,False,True,False,True,False,True,False,True,True,False,True,True,False,False,0.72,Medium Risk
39,95.65,3759.05,1,65,4892,93.97625,3730.35,4,True,True,False,False,True,False,True,True,False,False,False,False,False,False,False,False,False,False,True,False,True,False,False,True,False,False,False,0.795,Medium Risk
7,34.5,279.25,1,93,3520,34.90625,241.5,2,True,False,True,True,False,True,False,False,False,False,True,False,False,False,False,False,True,False,False,False,False,False,False,True,False,True,False,0.715,Medium Risk
39,30.1,1131.3,1,72,3106,28.2825,1173.9,1,False,False,False,True,False,True,False,False,False,False,False,False,False,False,True,False,False,False,False,False,False,False,False,False,True,False,False,0.595,Medium Risk
22,54.45,1127.35,1,71,2445,49.01521739130435,1197.9,3,True,False,False,False,True,False,True,False,False,False,True,False,False,False,False,False,False,False,False,False,False,False,False,True,False,True,False,0.79,Medium Risk
24,90.35,2238.5,1,67,5546,89.54,2168.4,3,True,False,False,False,True,False,False,True,False,False,False,False,False,False,False,False,False,False,True,False,True,False,False,True,False,True,False,0.53,Medium Risk
15,51.55,765.5,1,66,2087,47.84375,773.25,2,True,False,False,False,True,False,True,False,False,False,False,False,False,False,False,False,False,False,False,False,False,False,False,False,False,True,False,0.79,Medium Risk
4,44.55,174.3,1,66,5605,34.86,178.2,2,True,False,False,False,False,True,False,False,False,False,False,False,False,False,False,False,False,False,True,False,True,False,False,True,False,True,False,0.69,Medium Risk
31,35.4,1077.5,1,77,2067,33.671875,1097.4,2,True,False,True,True,False,True,False,False,False,False,True,False,False,False,False,False,True,False,False,False,False,False,False,False,False,False,False,0.68,Medium Risk
1,20.95,20.95,1,70,4285,10.475,20.95,1,False,False,False,False,True,False,False,False,True,True,False,True,False,True,False,True,False,True,False,True,False,False,False,False,False,False,True,0.77,Medium Risk
15,19.75,297.3,1,69,2428,18.58125,296.25,1,False,False,False,False,True,False,False,False,True,True,False,True,False,True,False,True,False,True,False,True,False,False,False,False,False,False,False,0.69,Medium Risk
53,60.05,3229.65,1,77,5271,59.80833333333334,3182.65,4,True,True,True,False,True,False,True,False,False,False,True,False,False,False,False,False,True,False,False,False,False,True,False,True,False,True,False,0.695,Medium Risk
29,94.65,2649.15,1,70,5150,88.305,2744.8500000000004,4,True,False,True,False,True,False,False,True,False,False,True,False,False,False,False,False,False,False,True,False,True,False,False,False,True,False,False,0.795,Medium Risk
22,59.0,1254.7,1,77,2195,54.55217391304348,1298.0,4,True,False,False,False,True,False,True,False,False,False,True,False,True,False,False,False,False,False,False,False,False,False,False,False,False,True,False,0.725,Medium Risk
25,70.95,1767.35,1,75,4881,67.975,1773.75,1,True,False,False,False,True,False,False,True,False,False,False,False,False,False,False,False,False,False,False,False,False,False,False,False,False,False,True,0.725,Medium Risk
20,89.0,1820.45,1,78,4594,86.68809523809524,1780.0,3,True,False,True,False,True,False,False,True,False,False,False,False,False,False,False,False,False,False,True,False,True,False,False,True,False,False,True,0.78,Medium Risk
1,73.5,73.5,1,74,4378,36.75,73.5,2,False,False,False,False,True,False,False,True,False,False,False,False,False,False,True,False,False,False,False,False,False,False,False,False,False,False,False,0.78,Medium Risk
53,54.45,2854.55,1,65,6280,52.86203703703704,2885.8500000000004,4,True,True,False,False,False,True,False,False,False,False,False,False,True,False,True,False,False,False,True,False,True,False,False,True,False,True,False,0.74,Medium Risk
7,75.45,480.75,1,75,2872,60.09375,528.15,2,False,False,False,False,True,False,True,True,False,False,False,False,False,False,False,False,False,False,False,False,False,False,False,False,False,False,True,0.76,Medium Risk
14,74.95,1036.75,1,70,2075,69.11666666666666,1049.3,2,True,True,False,False,True,False,True,True,False,False,False,False,False,False,False,False,False,False,False,False,False,False,False,True,False,True,False,0.61,Medium Risk
22,55.15,1206.05,1,79,5115,52.43695652173913,1213.3,3,False,False,True,True,True,False,False,False,False,False,False,False,True,False,False,False,True,False,False,False,False,False,False,False,False,True,False,0.705,Medium Risk
5,43.25,219.0,1,67,5824,36.5,216.25,4,True,False,False,False,False,True,False,False,False,False,True,False,True,False,True,False,True,False,False,False,False,False,False,True,False,False,True,0.71,Medium Risk
1,45.4,45.4,1,67,2168,22.7,45.4,1,False,False,False,False,True,False,False,False,False,False,False,False,False,False,False,False,False,False,False,False,False,False,False,True,False,False,True,0.735,Medium Risk
17,55.85,937.5,1,76,5472,52.083333333333336,949.45,3,False,False,False,False,True,False,True,False,False,False,False,False,False,False,True,False,False,False,False,False,False,True,False,True,False,False,True,0.735,Medium Risk
4,77.85,299.2,1,65,2140,59.84,311.4,2,True,False,False,False,True,False,False,True,False,False,False,False,False,False,False,False,False,False,True,False,False,False,False,False,False,True,False,0.615,Medium Risk
3,105.35,323.25,1,65,3662,80.8125,316.04999999999995,6,True,False,False,False,True,False,True,True,False,False,False,False,True,False,True,False,False,False,True,False,True,False,False,True,False,False,False,0.5,Medium Risk
8,87.05,762.1,1,69,2545,84.67777777777778,696.4,3,False,False,False,False,True,False,True,True,False,False,False,False,False,False,False,False,False,False,True,False,False,False,False,True,False,True,False,0.685,Medium Risk
1,53.5,53.5,1,80,5094,26.75,53.5,2,True,False,False,False,True,False,False,False,False,False,False,False,False,False,False,False,False,False,True,False,False,False,False,True,False,False,True,0.745,Medium Risk
30,79.65,2365.15,1,73,2174,76.29516129032258,2389.5,3,True,True,True,False,True,False,False,True,False,False,False,False,True,False,True,False,False,False,False,False,False,False,False,True,False,False,True,0.725,Medium Risk
5,54.2,308.25,1,78,5476,51.375,271.0,3,False,False,False,False,True,False,False,False,False,False,True,False,False,False,False,False,True,False,False,False,False,False,False,False,False,True,False,0.77,Medium Risk
29,30.6,856.35,1,77,3615,28.545,887.4000000000001,1,False,False,False,False,False,True,False,False,False,False,False,False,True,False,False,False,False,False,False,False,False,False,False,True,False,True,False,0.76,Medium Risk
17,70.0,1144.5,1,70,4390,63.583333333333336,1190.0,1,False,False,False,False,True,False,False,True,False,False,False,False,False,False,False,False,False,False,False,False,False,False,False,True,False,True,False,0.765,Medium Risk
9,44.95,431.0,1,66,5023,43.1,404.55,1,True,False,False,False,True,False,False,False,False,False,False,False,False,False,False,False,False,False,False,False,False,False,False,False,False,False,True,0.67,Medium Risk
25,95.9,2448.75,1,68,2241,94.1826923076923,2397.5,4,True,False,False,False,True,False,False,True,False,False,False,False,True,False,False,False,False,False,True,False,True,False,False,True,False,True,False,0.585,Medium Risk
52,84.1,4348.65,1,75,6216,82.05,4373.2,3,True,False,True,False,True,False,False,True,False,False,True,False,False,False,False,False,False,False,True,False,False,False,False,False,False,True,False,0.78,Medium Risk
1,25.05,25.05,1,65,4842,12.525,25.05,0,False,True,False,False,False,True,False,False,False,False,False,False,False,False,False,False,False,False,False,False,False,False,False,False,False,False,True,0.66,Medium Risk
54,104.3,5278.15,1,77,4019,95.96636363636362,5632.2,6,True,False,True,False,True,False,True,True,False,False,False,False,True,False,True,False,False,False,True,False,True,False,False,True,False,True,False,0.77,Medium Risk
1,50.45,50.45,1,75,2426,25.225,50.45,2,False,False,True,True,True,False,False,False,False,False,False,False,False,False,True,False,False,False,False,False,False,False,False,False,False,False,True,0.62,Medium Risk
7,74.65,521.1,1,67,4612,65.1375,522.5500000000001,5,False,False,False,False,True,False,True,False,False,False,False,False,False,False,False,False,True,False,True,False,True,False,False,True,False,True,False,0.765,Medium Risk
29,70.75,1974.8,1,73,2663,65.82666666666667,2051.75,1,True,False,True,False,True,False,False,True,False,False,False,False,False,False,False,False,False,False,False,False,False,False,False,True,False,True,False,0.795,Medium Risk
19,100.95,1875.55,1,73,4072,93.7775,1918.05,5,True,False,True,False,True,False,True,True,False,False,False,False,False,False,False,False,True,False,True,False,True,True,False,True,False,True,False,0.575,Medium Risk
31,103.45,3066.45,1,65,5387,95.8265625,3206.9500000000003,6,True,False,False,False,True,False,True,True,False,False,False,False,True,False,True,False,False,False,True,False,True,True,False,True,False,True,False,0.78,Medium Risk
10,29.5,255.25,1,69,3797,23.204545454545453,295.0,1,True,False,False,False,False,True,False,False,False,False,False,False,False,False,True,False,False,False,False,False,False,False,False,False,False,False,True,0.7,Medium Risk
1,44.15,44.15,1,97,4773,22.075,44.15,1,True,False,False,False,True,False,False,False,False,False,False,False,False,False,False,False,False,False,False,False,False,False,False,True,False,False,True,0.765,Medium Risk
16,53.9,834.15,1,65,5091,49.067647058823525,862.4,3,False,False,False,False,True,False,False,False,False,False,False,False,True,False,False,False,True,False,False,False,False,False,False,True,False,False,True,0.695,Medium Risk
1,59.2,59.2,1,65,5020,29.6,59.2,3,False,False,False,True,True,False,False,False,False,False,False,False,False,False,True,False,False,False,False,False,True,False,False,False,False,True,False,0.58,Medium Risk
72,104.15,7689.95,1,74,5925,105.3417808219178,7498.8,6,True,True,True,False,True,False,True,True,False,False,False,False,True,False,True,False,False,False,True,False,True,False,True,True,False,False,False,0.725,Medium Risk
4,61.45,229.55,1,83,2131,45.91,245.8,3,True,False,True,True,True,False,False,False,False,False,False,False,False,False,False,False,True,False,False,False,True,False,False,False,True,False,False,0.74,Medium Risk
11,84.8,906.85,1,67,5118,75.57083333333334,932.8,3,False,True,False,False,True,False,True,True,False,False,False,False,False,False,False,False,False,False,False,False,True,False,False,True,True,False,False,0.73,Medium Risk
15,59.45,892.65,1,68,5129,55.790625,891.75,3,False,False,False,False,True,False,False,False,False,False,False,False,False,False,True,False,False,False,False,False,True,False,False,True,False,True,False,0.79,Medium Risk
31,93.8,3019.5,1,79,4115,94.359375,2907.8,5,True,False,True,False,True,False,True,True,False,False,False,False,True,False,True,False,False,False,True,False,False,False,False,False,False,True,False,0.58,Medium Risk
36,65.4,2498.4,1,71,5220,67.52432432432433,2354.4,4,True,False,False,False,True,False,False,False,False,False,False,False,True,False,False,False,True,False,False,False,True,True,False,True,False,False,True,0.67,Medium Risk
9,72.9,651.4,1,65,3585,65.14,656.1,5,False,False,False,True,True,False,False,False,False,False,False,False,False,False,True,False,True,False,True,False,True,False,False,True,False,False,True,0.735,Medium Risk
5,40.0,223.45,1,80,3125,37.24166666666667,200.0,3,True,False,False,False,False,True,False,False,False,False,True,False,False,False,True,False,True,False,False,False,False,False,False,False,False,False,True,0.78,Medium Risk
3,55.35,165.2,1,65,5787,41.3,166.05,3,False,False,False,False,True,False,False,False,False,False,True,False,True,False,False,False,False,False,False,False,False,False,False,False,False,True,False,0.795,Medium Risk
4,20.95,85.5,1,85,5822,17.1,83.8,1,False,False,False,False,True,False,False,False,True,True,False,True,False,True,False,True,False,True,False,True,False,False,False,False,False,False,False,0.77,Medium Risk
2,50.15,115.1,1,78,5461,38.36666666666667,100.3,2,False,True,True,False,True,False,False,False,False,False,False,False,True,False,False,False,False,False,False,False,False,False,False,False,True,False,False,0.735,Medium Risk
50,84.4,4116.15,1,80,5135,80.70882352941176,4220.0,3,False,False,True,False,True,False,True,True,False,False,False,False,False,False,False,False,False,False,True,False,False,False,False,True,False,False,False,0.775,Medium Risk
54,70.15,3715.65,1,95,4596,67.55727272727273,3788.1,4,False,False,True,False,True,False,True,False,False,False,False,False,False,False,False,False,False,False,True,False,True,True,False,True,True,False,False,0.77,Medium Risk
19,100.0,1888.65,1,71,2608,94.4325,1900.0,5,True,False,True,False,True,False,False,True,False,False,False,False,True,False,False,False,True,False,True,False,True,True,False,False,False,False,False,0.76,Medium Risk
2,20.65,38.7,1,83,3845,12.9,41.3,1,False,False,False,False,True,False,False,False,True,True,False,True,False,True,False,True,False,True,False,True,False,False,False,False,False,False,True,0.705,Medium Risk
4,49.35,219.65,1,83,5858,43.93,197.4,2,True,False,False,True,True,False,False,False,False,False,True,False,False,False,False,False,False,False,False,False,False,False,False,False,False,True,False,0.775,Medium Risk
1,24.45,24.45,1,65,2121,12.225,24.45,0,True,False,False,False,False,True,False,False,False,False,False,False,False,False,False,False,False,False,False,False,False,False,False,True,False,False,True,0.735,Medium Risk
4,80.35,307.4,1,65,4167,61.48,321.4,2,True,False,True,False,True,False,False,True,False,False,False,False,False,False,False,False,False,False,True,False,False,False,False,True,False,True,False,0.765,Medium Risk
66,79.4,5154.6,1,73,5910,76.93432835820896,5240.400000000001,7,True,True,True,False,True,False,True,False,False,False,True,False,True,False,True,False,True,False,True,False,False,False,True,False,True,False,False,0.65,Medium Risk
2,19.3,28.3,1,94,2279,9.433333333333334,38.6,1,True,False,False,False,True,False,False,False,True,True,False,True,False,True,False,True,False,True,False,True,False,True,False,False,True,False,False,0.645,Medium Risk
26,91.25,2351.8,1,76,5154,87.10370370370372,2372.5,3,False,True,False,False,True,False,False,True,False,False,False,False,False,False,False,False,False,False,True,False,True,False,False,True,False,True,False,0.775,Medium Risk
57,70.1,3913.3,1,81,4669,67.47068965517242,3995.7,4,False,False,True,False,True,False,False,False,False,False,True,False,False,False,False,False,False,False,True,False,True,True,False,True,False,False,False,0.625,Medium Risk
4,105.65,443.9,1,66,4663,88.78,422.6,6,False,False,False,False,True,False,False,True,False,False,False,False,True,False,True,False,True,False,True,False,True,True,False,True,False,True,False,0.5,Medium Risk
35,85.95,3110.1,1,99,3833,86.39166666666667,3008.25,7,False,False,False,False,True,False,True,False,False,False,True,False,False,False,True,False,True,False,True,False,True,True,False,True,True,False,False,0.795,Medium Risk
21,55.95,1157.05,1,74,5531,52.59318181818182,1174.95,4,False,False,True,False,False,True,False,False,False,False,True,False,False,False,True,False,False,False,True,False,True,True,False,True,False,True,False,0.74,Medium Risk
3,35.2,108.95,1,100,5450,27.2375,105.6,1,False,False,False,False,False,True,False,False,False,False,False,False,False,False,False,False,False,False,True,False,False,False,False,False,True,False,False,0.79,Medium Risk
18,49.4,874.8,1,75,4028,46.04210526315789,889.1999999999999,2,True,False,False,False,True,False,False,False,False,False,True,False,False,False,False,False,False,False,False,False,False,False,False,False,False,True,False,0.72,Medium Risk
20,85.8,1727.5,1,75,3336,82.26190476190476,1716.0,3,False,True,False,False,True,False,True,True,False,False,False,False,False,False,False,False,False,False,False,False,True,False,False,True,True,False,False,0.57,Medium Risk
54,101.5,5373.1,1,68,6405,97.69272727272728,5481.0,5,False,True,True,False,True,False,True,True,False,False,False,False,True,False,False,False,False,False,True,False,True,True,False,True,True,False,False,0.785,Medium Risk
1,24.05,24.05,1,67,3162,12.025,24.05,2,True,False,False,False,True,False,True,False,True,True,False,True,False,True,False,True,False,True,False,True,False,False,False,True,False,False,True,0.695,Medium Risk
1,20.5,20.5,1,76,2398,10.25,20.5,1,False,False,True,True,True,False,False,False,True,True,False,True,False,True,False,True,False,True,False,True,False,False,False,True,False,False,True,0.775,Medium Risk
49,84.35,4059.35,1,73,6452,81.187,4133.15,7,True,False,True,False,True,False,True,False,False,False,True,False,False,False,True,False,True,False,True,False,True,True,False,False,False,True,False,0.66,Medium Risk
68,100.2,6851.65,1,70,4481,99.29927536231884,6813.6,5,False,True,True,False,True,False,True,True,False,False,False,False,True,False,False,False,False,False,True,False,True,False,False,True,False,True,False,0.73,Medium Risk
27,95.55,2510.2,1,75,2999,89.64999999999999,2579.85,5,True,True,True,False,True,False,True,True,False,False,False,False,True,False,True,False,False,False,False,False,True,False,False,True,False,True,False,0.625,Medium Risk
57,39.3,2111.45,1,66,4917,36.40431034482759,2240.1,2,True,False,False,False,False,True,False,False,False,False,False,False,True,False,False,False,False,False,True,False,False,False,False,True,False,True,False,0.75,Medium Risk
43,109.55,4830.25,1,69,5863,109.7784090909091,4710.65,7,False,True,True,False,True,False,True,True,False,False,True,False,False,False,True,False,True,False,True,False,True,True,False,True,False,False,True,0.69,Medium Risk
3,19.6,59.75,1,81,5000,14.9375,58.8,1,False,False,False,False,True,False,False,False,True,True,False,True,False,True,False,True,False,True,False,True,False,False,False,True,False,False,True,0.575,Medium Risk
66,100.05,6871.9,1,72,4512,102.56567164179104,6603.3,5,True,True,True,False,True,False,True,True,False,False,False,False,False,False,False,False,True,False,True,False,True,False,False,True,True,False,False,0.765,Medium Risk
56,25.15,1327.15,1,79,6484,23.28333333333333,1408.4,2,True,False,True,False,True,False,True,False,True,True,False,True,False,True,False,True,False,True,False,True,False,False,True,True,True,False,False,0.62,Medium Risk
31,79.85,2404.15,1,67,2554,75.1296875,2475.35,3,False,False,False,False,True,False,True,True,False,False,False,False,False,False,False,False,True,False,False,False,False,False,False,True,True,False,False,0.73,Medium Risk
35,72.25,2568.55,1,83,5898,71.34861111111111,2528.75,6,False,False,True,True,True,False,True,False,False,False,True,False,False,False,True,False,True,False,True,False,False,False,False,False,False,True,False,0.685,Medium Risk
7,40.1,293.3,1,68,4414,36.6625,280.7,2,False,False,False,False,False,True,False,False,False,False,False,False,True,False,False,False,False,False,False,False,True,False,False,True,True,False,False,0.735,Medium Risk
32,84.05,2781.85,1,68,3553,84.29848484848485,2689.6,3,False,False,False,False,True,False,True,True,False,False,False,False,False,False,False,False,False,False,True,False,False,True,False,False,False,True,False,0.79,Medium Risk
49,90.85,4515.85,1,70,5651,90.317,4451.65,4,False,True,False,False,True,False,True,True,False,False,False,False,False,False,True,False,False,False,False,False,True,False,False,True,True,False,False,0.795,Medium Risk
21,86.5,1808.7,1,72,2036,82.21363636363637,1816.5,3,False,False,True,False,True,False,True,True,False,False,False,False,False,False,False,False,False,False,False,False,True,False,False,True,False,True,False,0.565,Medium Risk
30,99.7,2967.35,1,69,3548,95.72096774193548,2991.0,5,False,True,False,False,True,False,True,True,False,False,False,False,True,False,False,False,False,False,True,False,True,False,False,True,False,True,False,0.625,Medium Risk
1,50.45,50.45,1,69,2806,25.225,50.45,2,False,False,False,False,True,False,False,False,False,False,False,False,False,False,True,False,False,False,False,False,False,False,False,True,False,False,True,0.745,Medium Risk
12,81.7,858.6,1,76,2850,66.04615384615384,980.4,3,True,False,False,False,True,False,False,True,False,False,True,False,False,False,True,False,False,False,False,False,False,False,False,False,False,False,False,0.52,Medium Risk
41,83.75,3273.55,1,71,4995,77.94166666666668,3433.75,4,True,True,True,False,True,False,True,True,False,False,True,False,False,False,True,False,False,False,False,False,False,False,False,True,False,False,False,0.78,Medium Risk
39,80.45,3201.55,1,85,2224,80.03875000000001,3137.55,3,False,False,False,False,True,False,False,True,False,False,False,False,False,False,True,False,True,False,False,False,False,False,True,True,False,True,False,0.695,Medium Risk
67,79.7,5293.4,1,77,6289,77.84411764705882,5339.900000000001,6,True,False,True,False,True,False,True,False,False,False,True,False,False,False,True,False,False,False,True,False,True,False,True,True,False,True,False,0.69,Medium Risk
2,67.75,116.65,1,71,2299,38.88333333333333,135.5,1,True,False,False,False,True,False,False,True,False,False,False,False,False,False,False,False,False,False,False,False,False,False,False,True,False,True,False,0.775,Medium Risk
24,78.85,1772.25,1,65,3079,70.89,1892.4,3,True,True,True,False,True,False,True,True,False,False,True,False,False,False,False,False,False,False,False,False,False,False,False,True,False,True,False,0.76,Medium Risk
1,44.45,44.45,1,65,4879,22.225,44.45,1,False,False,False,False,True,False,False,False,False,False,False,False,False,False,False,False,False,False,False,False,False,False,False,True,False,False,True,0.76,Medium Risk
36,84.9,3067.2,1,69,2455,82.89729729729729,3056.4,3,True,False,False,False,True,False,True,True,False,False,False,False,False,False,False,False,False,False,False,False,True,False,False,True,False,True,False,0.78,Medium Risk
1,20.25,20.25,1,89,2959,10.125,20.25,1,True,False,False,False,True,False,False,False,True,True,False,True,False,True,False,True,False,True,False,True,False,False,False,False,False,False,True,0.695,Medium Risk
39,80.0,3182.95,1,76,2704,79.57374999999999,3120.0,6,True,False,True,False,True,False,False,False,False,False,True,False,False,False,True,False,True,False,True,False,True,True,False,False,True,False,False,0.695,Medium Risk
11,23.15,245.2,1,65,5671,20.433333333333334,254.65,2,True,False,False,False,True,False,True,False,True,True,False,True,False,True,False,True,False,True,False,True,False,False,False,False,True,False,False,0.635,Medium Risk
53,20.8,1021.8,1,78,4166,18.92222222222222,1102.4,1,False,False,True,False,True,False,False,False,True,True,False,True,False,True,False,True,False,True,False,True,False,True,False,False,False,False,False,0.595,Medium Risk
9,66.25,620.55,1,67,5515,62.05499999999999,596.25,4,False,False,False,False,True,False,False,False,False,False,False,False,True,False,False,False,True,False,True,False,False,False,False,False,False,False,True,0.71,Medium Risk
38,70.45,2597.6,1,82,5437,66.6051282051282,2677.1,1,True,False,False,False,True,False,False,True,False,False,False,False,False,False,False,False,False,False,False,False,False,True,False,True,False,False,False,0.76,Medium Risk
53,19.75,1052.35,1,66,6265,19.48796296296296,1046.75,1,True,False,False,False,True,False,False,False,True,True,False,True,False,True,False,True,False,True,False,True,False,False,True,False,False,False,False,0.655,Medium Risk
48,117.45,5438.9,1,67,5915,110.99795918367346,5637.6,8,False,True,True,False,True,False,True,True,False,False,True,False,True,False,True,False,True,False,True,False,True,False,False,False,False,True,False,0.71,Medium Risk
3,25.25,58.9,1,76,2088,14.725,75.75,0,False,False,False,False,False,True,False,False,False,False,False,False,False,False,False,False,False,False,False,False,False,False,False,False,False,True,False,0.755,Medium Risk
30,85.35,2530.4,1,73,2313,81.6258064516129,2560.5,7,False,False,False,False,True,False,False,False,False,False,True,False,True,False,True,False,True,False,True,False,True,True,False,False,False,False,False,0.625,Medium Risk
3,19.8,58.15,1,79,4323,14.5375,59.400000000000006,1,True,False,False,False,True,False,False,False,True,True,False,True,False,True,False,True,False,True,False,True,False,False,False,True,False,False,True,0.61,Medium Risk
4,50.9,225.6,1,69,5691,45.12,203.6,2,True,False,True,True,True,False,True,False,False,False,False,False,False,False,False,False,False,False,False,False,False,False,False,True,False,True,False,0.785,Medium Risk
19,55.0,1046.5,1,73,4539,52.325,1045.0,3,True,False,False,False,True,False,False,False,False,False,False,False,False,False,True,False,True,False,False,False,False,False,False,True,True,False,False,0.735,Medium Risk
39,104.7,4134.85,1,68,2371,103.37125,4083.3,6,False,False,True,False,True,False,False,True,False,False,True,False,False,False,True,False,True,False,True,False,True,True,False,True,True,False,False,0.715,Medium Risk
16,85.35,1375.15,1,66,5769,80.89117647058823,1365.6,3,False,True,True,False,True,False,True,True,False,False,False,False,False,False,False,False,False,False,False,False,True,False,False,True,True,False,False,0.795,Medium Risk
1,20.2,20.2,1,98,3061,10.1,20.2,1,False,False,False,False,True,False,False,False,True,True,False,True,False,True,False,True,False,True,False,True,False,False,False,True,False,False,False,0.795,Medium Risk
39,55.9,2184.35,1,67,5632,54.60875,2180.1,4,False,False,True,False,False,True,False,False,False,False,True,False,False,False,True,False,False,False,True,False,True,False,False,False,False,True,False,0.775,Medium Risk
45,20.4,930.45,1,87,5398,20.22717391304348,918.0,1,True,False,False,False,True,False,False,False,True,True,False,True,False,True,False,True,False,True,False,True,False,True,False,True,False,True,False,0.585,Medium Risk
47,85.5,4042.3,1,68,3645,84.21458333333334,4018.5,3,True,True,False,False,True,False,False,True,False,False,True,False,False,False,False,False,False,False,False,False,True,False,False,False,False,False,True,0.71,Medium Risk
36,84.1,3021.6,1,79,2987,81.66486486486487,3027.6,3,True,True,True,False,True,False,True,True,False,False,False,False,False,False,False,False,False,False,False,False,True,False,False,True,False,True,False,0.735,Medium Risk
69,104.7,7220.35,1,71,6350,103.14785714285716,7224.3,6,True,False,False,False,True,False,True,True,False,False,False,False,True,False,False,False,True,False,True,False,True,True,False,True,False,False,False,0.7,Medium Risk
15,20.0,288.05,1,73,4672,18.003125,300.0,1,True,False,True,True,True,False,False,False,True,True,False,True,False,True,False,True,False,True,False,True,False,False,False,True,False,True,False,0.695,Medium Risk
37,64.75,2345.2,1,80,5554,61.71578947368421,2395.75,3,False,False,False,False,True,False,False,False,False,False,False,False,False,False,False,False,False,False,True,False,True,False,False,True,False,True,False,0.76,Medium Risk
10,72.15,794.25,1,98,2457,72.20454545454545,721.5,4,True,False,False,False,True,False,True,False,False,False,False,False,False,False,False,False,False,False,True,False,True,False,False,True,True,False,False,0.785,Medium Risk
1,19.65,19.65,1,69,5717,9.825,19.65,1,True,False,False,False,True,False,False,False,True,True,False,True,False,True,False,True,False,True,False,True,False,False,False,False,False,False,True,0.785,Medium Risk
33,73.9,2405.05,1,73,5374,70.73676470588236,2438.7000000000003,5,True,False,True,False,True,False,False,False,False,False,False,False,False,False,True,False,True,False,True,False,True,True,False,True,False,False,True,0.695,Medium Risk
55,77.75,4458.15,1,79,4398,79.60982142857142,4276.25,3,False,False,True,False,True,False,True,True,False,False,False,False,False,False,True,False,False,False,False,False,False,False,False,True,False,True,False,0.795,Medium Risk
49,51.8,2541.25,1,67,5375,50.825,2538.2,3,True,False,True,False,False,True,False,False,False,False,False,False,True,False,False,False,False,False,True,False,True,True,False,True,False,False,False,0.7,Medium Risk
15,79.4,1156.1,1,74,3621,72.25625,1191.0,2,True,True,False,False,True,False,False,True,False,False,False,False,False,False,False,False,False,False,False,False,True,False,False,True,False,True,False,0.52,Medium Risk
61,106.6,6428.4,1,68,4183,103.68387096774192,6502.599999999999,6,False,False,False,False,True,False,True,True,False,False,False,False,False,False,True,False,True,False,True,False,True,False,True,True,False,True,False,0.66,Medium Risk
18,39.05,669.85,1,66,2601,35.25526315789474,702.9,2,False,False,True,False,False,True,False,False,False,False,False,False,False,False,True,False,False,False,True,False,False,False,False,True,False,True,False,0.77,Medium Risk
68,113.15,7856.0,1,90,4610,113.85507246376812,7694.200000000001,8,True,False,True,False,True,False,True,True,False,False,True,False,True,False,True,False,True,False,True,False,True,False,True,True,False,True,False,0.665,Medium Risk
1,19.3,19.3,1,99,4266,9.65,19.3,1,True,False,False,False,True,False,False,False,True,True,False,True,False,True,False,True,False,True,False,True,False,False,False,True,False,False,True,0.775,Medium Risk
13,96.65,1244.5,1,65,2110,88.89285714285714,1256.45,5,False,False,False,False,True,False,True,True,False,False,True,False,True,False,False,False,False,False,True,False,False,False,False,True,False,True,False,0.665,Medium Risk
1,19.25,19.25,1,80,5437,9.625,19.25,1,True,False,False,True,True,False,False,False,True,True,False,True,False,True,False,True,False,True,False,True,False,False,False,False,False,False,True,0.755,Medium Risk
71,105.1,7548.1,1,66,5725,104.83472222222224,7462.099999999999,6,True,True,True,False,True,False,True,True,False,False,True,False,True,False,False,False,False,False,True,False,True,False,False,True,True,False,False,0.755,Medium Risk
13,89.4,1132.35,1,75,2226,80.88214285714285,1162.2,5,False,False,False,False,True,False,True,True,False,False,False,False,True,False,True,False,True,False,False,False,False,False,False,False,False,True,False,0.66,Medium Risk
39,95.55,3692.85,1,73,2767,92.32125,3726.45,5,False,False,False,False,True,False,False,True,False,False,True,False,False,False,True,False,True,False,True,False,False,True,False,True,False,True,False,0.795,Medium Risk
21,69.1,1474.75,1,67,3853,67.0340909090909,1451.1,1,True,True,True,False,True,False,False,True,False,False,False,False,False,False,False,False,False,False,False,False,False,False,False,True,False,True,False,0.78,Medium Risk
37,40.2,1448.8,1,80,3627,38.126315789473686,1487.4,3,True,False,True,True,False,True,False,False,False,False,True,False,True,False,True,False,False,False,False,False,False,False,False,False,False,False,False,0.635,Medium Risk
42,73.9,3160.55,1,71,2774,73.50116279069768,3103.8,6,False,False,False,False,True,False,False,False,False,False,True,False,True,False,True,False,True,False,False,False,True,True,False,False,True,False,False,0.73,Medium Risk
33,24.5,740.3,1,77,5194,21.773529411764702,808.5,2,False,False,True,False,True,False,True,False,True,True,False,True,False,True,False,True,False,True,False,True,False,False,True,True,False,False,True,0.635,Medium Risk
12,74.05,872.65,1,94,4149,67.12692307692308,888.5999999999999,5,False,False,False,False,True,False,True,False,False,False,False,False,False,False,False,False,True,False,True,False,True,True,False,False,False,False,True,0.76,Medium Risk
65,72.45,4653.85,1,68,4415,70.51287878787879,4709.25,6,True,False,True,False,True,False,True,False,False,False,True,False,True,False,True,False,False,False,False,False,True,True,False,False,True,False,False,0.61,Medium Risk
68,108.45,7176.55,1,65,4454,104.00797101449275,7374.6,7,True,False,False,False,True,False,True,True,False,False,False,False,True,False,True,False,True,False,True,False,True,True,False,False,False,True,False,0.735,Medium Risk
66,110.85,7491.75,1,74,4281,111.81716417910448,7316.099999999999,7,True,True,True,False,True,False,True,True,False,False,False,False,True,False,True,False,True,False,True,False,True,True,False,True,False,True,False,0.685,Medium Risk
70,114.2,7723.9,1,73,5947,108.78732394366196,7994.0,8,False,False,True,False,True,False,True,True,False,False,True,False,True,False,True,False,True,False,True,False,True,False,True,True,False,False,False,0.615,Medium Risk
3,40.15,130.75,1,75,4710,32.6875,120.45,2,True,False,False,False,False,True,False,False,False,False,False,False,False,False,True,False,False,False,True,False,False,False,False,True,False,False,True,0.56,Medium Risk
2,55.1,113.35,1,70,4235,37.78333333333333,110.2,3,True,False,False,False,True,False,False,False,False,False,True,False,False,False,True,False,False,False,False,False,False,False,False,True,False,False,True,0.765,Medium Risk
13,102.25,1359.0,1,66,2003,97.07142857142856,1329.25,5,True,False,True,False,True,False,True,True,False,False,False,False,False,False,True,False,False,False,True,False,True,False,False,True,True,False,False,0.64,Medium Risk
47,95.05,4504.55,1,65,5214,93.84479166666668,4467.349999999999,5,False,True,False,False,True,False,True,True,False,False,False,False,True,False,False,False,True,False,True,False,False,False,False,True,False,True,False,0.7,Medium Risk
42,50.25,2203.65,1,97,4873,51.24767441860465,2110.5,2,False,False,True,False,True,False,True,False,False,False,False,False,False,False,False,False,False,False,False,False,False,False,False,True,False,True,False,0.78,Medium Risk
4,29.65,118.5,1,71,4207,23.7,118.6,1,True,False,False,False,False,True,False,False,False,False,False,False,False,False,True,False,False,False,False,False,False,False,False,True,False,True,False,0.695,Medium Risk
43,89.55,3856.75,1,73,3802,87.6534090909091,3850.65,3,True,True,False,False,True,False,False,True,False,False,False,False,False,False,False,False,False,False,True,False,True,False,False,True,False,False,True,0.79,Medium Risk
21,77.5,1625.0,1,74,5353,73.86363636363636,1627.5,6,True,False,True,False,True,False,True,False,False,False,True,False,True,False,False,False,True,False,True,False,False,True,False,False,False,False,True,0.73,Medium Risk
7,69.0,506.9,1,65,5672,63.3625,483.0,1,False,False,True,False,True,False,False,True,False,False,False,False,False,False,False,False,False,False,False,False,False,False,False,True,False,True,False,0.79,Medium Risk
22,40.05,880.2,1,75,2061,38.2695652173913,881.0999999999999,2,True,True,True,True,False,True,False,False,False,False,True,False,False,False,False,False,False,False,False,False,True,False,False,False,False,False,True,0.695,Medium Risk
2,20.35,33.2,1,65,5627,11.066666666666668,40.7,1,True,False,False,False,True,False,False,False,True,True,False,True,False,True,False,True,False,True,False,True,False,False,False,False,False,False,True,0.65,Medium Risk
30,19.65,655.85,1,79,2486,21.156451612903226,589.5,1,False,False,True,False,True,False,False,False,True,True,False,True,False,True,False,True,False,True,False,True,False,False,False,False,False,False,False,0.7,Medium Risk
4,79.0,303.15,1,69,2085,60.63,316.0,2,False,False,False,False,True,False,False,True,False,False,False,False,False,False,False,False,False,False,True,False,False,False,False,True,False,True,False,0.735,Medium Risk
60,106.0,6441.4,1,78,5507,105.5967213114754,6360.0,6,False,True,False,False,True,False,True,True,False,False,False,False,False,False,True,False,True,False,True,False,True,True,False,True,False,True,False,0.785,Medium Risk
65,89.75,5769.6,1,72,6110,87.41818181818182,5833.75,5,True,False,True,False,True,False,True,True,False,False,True,False,True,False,True,False,False,False,False,False,False,True,False,False,False,True,False,0.685,Medium Risk
1,20.3,20.3,1,67,3830,10.15,20.3,1,False,False,False,False,True,False,False,False,True,True,False,True,False,True,False,True,False,True,False,True,False,False,False,True,False,False,True,0.78,Medium Risk
1,44.65,44.65,1,66,3704,22.325,44.65,3,True,False,False,False,False,True,False,False,False,False,False,False,True,False,False,False,True,False,False,False,True,False,False,True,False,False,True,0.565,Medium Risk
1,20.4,20.4,1,92,3663,10.2,20.4,1,False,False,False,False,True,False,False,False,True,True,False,True,False,True,False,True,False,True,False,True,False,False,False,False,False,False,True,0.78,Medium Risk
32,91.05,2954.5,1,80,3590,89.53030303030303,2913.6,4,False,False,True,False,True,False,True,True,False,False,False,False,False,False,True,False,False,False,False,False,True,False,False,True,False,False,False,0.795,Medium Risk
72,54.2,3937.45,1,66,4481,53.93767123287671,3902.4,4,False,False,True,False,False,True,False,False,False,False,False,False,True,False,True,False,False,False,True,False,True,False,True,True,False,True,False,0.625,Medium Risk
31,79.45,2587.7,1,67,2872,80.865625,2462.9500000000003,6,True,False,False,False,True,False,True,False,False,False,False,False,True,False,False,False,True,False,True,False,True,True,False,True,False,False,True,0.695,Medium Risk
58,104.65,6219.6,1,66,5411,105.41694915254236,6069.700000000001,6,True,False,False,False,True,False,True,True,False,False,False,False,False,False,True,False,True,False,True,False,True,True,False,True,False,True,False,0.78,Medium Risk
5,67.95,350.3,1,69,3889,58.38333333333333,339.75,5,False,False,True,False,True,False,True,False,False,False,False,False,False,False,True,False,True,False,True,False,False,False,False,False,False,False,False,0.73,Medium Risk
58,93.4,5435.6,1,73,5989,92.12881355932204,5417.200000000001,5,False,False,True,False,True,False,True,True,False,False,True,False,True,False,False,False,False,False,False,False,True,False,False,True,False,False,False,0.71,Medium Risk
1,48.95,48.95,1,65,3913,24.475,48.95,2,True,False,False,True,True,False,False,False,False,False,False,False,False,False,True,False,False,False,False,False,False,False,False,False,False,True,False,0.745,Medium Risk
35,102.35,3626.1,1,80,2473,100.725,3582.25,5,True,False,False,False,True,False,False,True,False,False,False,False,True,False,True,False,False,False,True,False,True,True,False,True,False,False,False,0.755,Medium Risk
42,104.75,4323.45,1,79,2984,100.5453488372093,4399.5,6,False,True,False,False,True,False,True,True,False,False,False,False,True,False,True,False,False,False,True,False,True,False,False,True,False,False,False,0.585,Medium Risk
13,94.1,1215.6,1,75,2973,86.82857142857142,1223.3,5,False,False,True,False,True,False,True,True,False,False,False,False,True,False,True,False,False,False,True,False,False,False,False,False,False,True,False,0.73,Medium Risk
16,50.15,762.25,1,69,4254,44.838235294117645,802.4,2,False,False,False,False,True,False,False,False,False,False,True,False,False,False,False,False,False,False,False,False,False,False,False,True,False,True,False,0.72,Medium Risk
48,95.5,4627.85,1,97,2459,94.44591836734696,4584.0,5,False,False,False,False,True,False,False,True,False,False,False,False,True,False,True,False,True,False,True,False,False,False,True,True,False,False,True,0.695,Medium Risk
57,100.6,5746.15,1,74,5247,99.07155172413792,5734.2,5,True,True,True,False,True,False,True,True,False,False,False,False,False,False,True,False,False,False,True,False,True,False,False,False,False,True,False,0.79,Medium Risk
12,50.25,593.75,1,67,3624,45.67307692307692,603.0,2,True,False,False,False,True,False,False,False,False,False,False,False,False,False,False,False,True,False,False,False,False,False,False,False,False,False,False,0.755,Medium Risk
54,100.1,5440.9,1,75,5763,98.92545454545454,5405.4,5,False,False,False,False,True,False,True,True,False,False,False,False,False,False,False,False,True,False,True,False,True,False,False,True,False,True,False,0.76,Medium Risk
64,47.85,3147.5,1,66,6347,48.42307692307692,3062.4,4,False,False,True,False,False,True,False,False,False,False,True,False,False,False,True,False,True,False,False,False,True,False,True,False,False,True,False,0.755,Medium Risk
55,98.8,5617.75,1,69,5543,100.31696428571428,5434.0,5,True,True,False,False,True,False,True,True,False,False,True,False,False,False,False,False,False,False,True,False,True,False,False,True,False,True,False,0.775,Medium Risk
66,80.45,5224.35,1,79,5011,77.97537313432836,5309.7,3,False,True,False,False,True,False,True,True,False,False,False,False,True,False,False,False,False,False,False,False,False,False,False,True,True,False,False,0.7,Medium Risk
14,91.65,1301.0,1,65,4304,86.73333333333333,1283.1,4,False,False,True,True,True,False,True,True,False,False,False,False,False,False,False,False,True,False,True,False,False,False,False,True,False,True,False,0.755,Medium Risk
3,105.9,334.65,1,71,2715,83.6625,317.70000000000005,6,True,True,True,False,True,False,True,True,False,False,False,False,True,False,True,False,False,False,True,False,True,False,False,True,False,True,False,0.76,Medium Risk
41,70.25,2868.05,1,69,3407,68.28690476190476,2880.25,1,False,False,False,False,True,False,False,True,False,False,False,False,False,False,False,False,False,False,False,False,False,False,False,False,False,False,False,0.76,Medium Risk
9,55.35,449.75,1,70,2688,44.975,498.15,2,True,False,False,True,True,False,False,False,False,False,False,False,False,False,False,False,False,False,True,False,False,False,False,False,False,True,False,0.725,Medium Risk
56,73.85,4092.85,1,72,5276,71.80438596491229,4135.599999999999,2,False,False,False,False,True,False,False,True,False,False,False,False,True,False,False,False,False,False,False,False,False,False,False,True,False,True,False,0.785,Medium Risk
70,98.3,6859.5,1,98,4794,96.61267605633805,6881.0,5,True,False,True,False,True,False,True,True,False,False,False,False,True,False,False,False,False,False,True,False,True,False,True,False,False,False,False,0.735,Medium Risk
24,75.4,1747.85,1,74,2325,69.914,1809.6,2,False,False,True,False,True,False,True,True,False,False,False,False,False,False,False,False,False,False,False,False,False,False,False,True,True,False,False,0.795,Medium Risk
18,99.75,1836.25,1,68,5857,96.64473684210526,1795.5,5,False,True,True,False,True,False,True,True,False,False,False,False,False,False,False,False,True,False,True,False,True,False,False,False,False,False,False,0.79,Medium Risk
41,66.5,2728.6,1,65,2517,64.96666666666667,2726.5,4,False,False,True,False,True,False,False,False,False,False,False,False,True,False,False,False,True,False,False,False,True,True,False,True,False,False,False,0.61,Medium Risk
3,35.45,106.85,1,70,2095,26.7125,106.35,2,True,False,False,False,False,True,False,False,False,False,True,False,True,False,False,False,False,False,False,False,False,False,False,True,False,False,True,0.75,Medium Risk
3,49.9,130.1,1,73,5585,32.525,149.7,2,True,False,False,False,True,False,False,False,False,False,False,False,True,False,False,False,False,False,False,False,False,False,False,True,False,False,True,0.57,Medium Risk
4,60.4,272.15,1,90,5730,54.42999999999999,241.6,4,False,False,False,False,True,False,False,False,False,False,True,False,True,False,False,False,True,False,False,False,False,False,False,True,False,False,True,0.785,Medium Risk
12,59.8,727.8,1,69,4581,55.98461538461538,717.5999999999999,3,True,False,False,False,True,False,False,False,False,False,False,False,False,False,False,False,True,False,True,False,False,True,False,True,False,True,False,0.76,Medium Risk
67,102.95,6886.25,1,70,5620,101.26838235294116,6897.650000000001,6,False,False,False,False,True,False,True,True,False,False,True,False,True,False,True,False,False,False,True,False,False,False,False,True,True,False,False,0.725,Medium Risk
25,105.5,2686.05,0,75,5822,103.3096153846154,2637.5,6,True,False,False,False,True,False,False,True,False,False,True,False,False,False,True,False,True,False,True,False,True,False,False,True,False,True,False,0.565,Medium Risk
41,74.25,3089.1,0,78,3277,73.55,3044.25,2,True,False,False,False,True,False,False,True,False,False,False,False,False,False,False,False,True,False,False,False,False,False,False,True,False,True,False,0.505,Medium Risk
30,94.3,2679.7,0,75,4219,86.44193548387096,2829.0,5,True,False,False,False,True,False,True,True,False,False,True,False,True,False,False,False,False,False,False,False,True,False,False,True,True,False,False,0.63,Medium Risk
13,49.15,649.4,0,78,3000,46.385714285714286,638.9499999999999,3,False,False,False,False,False,True,False,False,False,False,False,False,False,False,True,False,False,False,True,False,True,False,False,False,False,True,False,0.615,Medium Risk
5,53.8,283.95,0,78,2182,47.325,269.0,3,False,False,False,False,True,False,True,False,False,False,True,False,False,False,False,False,False,False,False,False,False,False,False,True,False,True,False,0.58,Medium Risk
13,80.0,1029.35,0,78,5577,73.52499999999999,1040.0,3,False,False,False,False,True,False,True,True,False,False,True,False,False,False,False,False,False,False,False,False,False,False,False,True,True,False,False,0.655,Medium Risk
3,69.95,220.45,0,67,2754,55.1125,209.85,4,False,False,False,False,True,False,False,False,False,False,False,False,False,False,True,False,False,False,True,False,True,True,False,True,False,True,False,0.71,Medium Risk
21,84.1,1737.45,0,69,4649,78.97500000000001,1766.1,3,True,False,False,False,True,False,True,True,False,False,False,False,False,False,False,False,False,False,False,False,True,False,False,True,False,True,False,0.655,Medium Risk
43,94.1,4107.3,0,71,4392,93.34772727272728,4046.3,5,False,False,True,False,True,False,True,True,False,False,True,False,True,False,False,False,False,False,False,False,True,False,False,True,False,True,False,0.515,Medium Risk
4,55.2,220.65,0,74,4042,44.13,220.8,3,False,False,False,False,True,False,False,False,False,False,True,False,True,False,False,False,False,False,False,False,False,False,False,False,False,True,False,0.505,Medium Risk
12,79.95,1043.4,0,71,2968,80.26153846153846,959.4,2,True,False,False,False,True,False,False,True,False,False,False,False,False,False,False,False,False,False,False,False,True,False,False,True,False,False,False,0.56,Medium Risk
5,64.0,370.25,0,75,4421,61.708333333333336,320.0,4,False,False,False,False,True,False,True,False,False,False,False,False,True,False,False,False,False,False,False,False,True,False,False,True,False,True,False,0.515,Medium Risk
38,94.75,3653.0,0,71,3654,93.66666666666669,3600.5,4,True,True,False,False,True,False,True,True,False,False,False,False,False,False,False,False,False,False,True,False,True,False,False,False,False,True,False,0.53,Medium Risk
3,80.0,241.3,0,76,4264,60.325,240.0,3,False,False,True,True,True,False,False,True,False,False,False,False,True,False,False,False,True,False,False,False,False,False,False,True,False,True,False,0.73,Medium Risk
24,79.65,1928.7,0,72,3816,77.148,1911.6,3,False,False,True,False,True,False,True,True,False,False,False,False,False,False,True,False,False,False,False,False,False,False,False,True,False,False,True,0.5,Medium Risk
2,49.2,103.7,0,75,2342,34.56666666666667,98.4,2,False,False,False,False,True,False,False,False,False,False,False,False,True,False,False,False,False,False,False,False,False,False,False,False,False,False,True,0.5,Medium Risk
9,43.75,405.7,0,70,5644,40.57,393.75,1,False,False,False,False,True,False,False,False,False,False,False,False,False,False,False,False,False,False,False,False,False,False,False,True,False,True,False,0.59,Medium Risk
3,90.7,237.65,0,69,3953,59.4125,272.1,3,True,False,False,False,True,False,False,True,False,False,False,False,False,False,False,False,False,False,True,False,True,False,False,False,False,False,True,0.74,Medium Risk
21,103.85,2215.0,0,77,4520,100.6818181818182,2180.85,6,True,False,False,False,True,False,True,True,False,False,True,False,False,False,True,False,False,False,True,False,True,False,False,False,False,False,True,0.675,Medium Risk
2,49.95,107.1,0,78,5251,35.7,99.9,2,True,True,False,False,True,False,False,False,False,False,False,False,False,False,True,False,False,False,False,False,False,False,False,False,False,False,True,0.74,Medium Risk
7,69.9,497.3,0,80,4562,62.1625,489.30000000000007,1,False,False,False,False,True,False,False,True,False,False,False,False,False,False,False,False,False,False,False,False,False,False,False,True,False,False,True,0.75,Medium Risk
6,50.35,314.55,0,74,3442,44.93571428571429,302.1,2,False,False,True,False,True,False,True,False,False,False,False,False,False,False,False,False,False,False,False,False,False,False,False,False,False,True,False,0.57,Medium Risk
18,78.2,1468.75,0,79,2831,77.30263157894737,1407.6,3,True,False,True,False,True,False,False,True,False,False,False,False,False,False,True,False,True,False,False,False,False,False,False,False,False,True,False,0.53,Medium Risk
3,54.2,140.4,0,68,3167,35.1,162.60000000000002,2,False,False,False,False,True,False,False,False,False,False,False,False,False,False,False,False,False,False,True,False,False,False,False,True,False,True,False,0.76,Medium Risk
5,78.75,426.35,0,66,2610,71.05833333333334,393.75,2,True,False,False,False,True,False,False,True,False,False,False,False,False,False,False,False,False,False,False,False,True,False,False,False,False,False,True,0.585,Medium Risk
34,100.85,3527.3,0,76,5891,100.78,3428.9,5,True,False,True,False,True,False,True,True,False,False,False,False,False,False,True,False,False,False,True,False,True,False,False,False,False,True,False,0.535,Medium Risk
22,104.6,2180.55,0,68,2429,94.80652173913045,2301.2,6,True,False,True,False,True,False,False,True,False,False,True,False,True,False,False,False,True,False,True,False,True,False,False,True,False,True,False,0.62,Medium Risk
9,75.85,724.65,0,70,5212,72.465,682.65,2,True,False,False,False,True,False,True,True,False,False,False,False,False,False,False,False,False,False,False,False,False,False,False,True,False,True,False,0.685,Medium Risk
3,25.0,78.25,0,70,2730,19.5625,75.0,0,True,False,True,False,False,True,False,False,False,False,False,False,False,False,False,False,False,False,False,False,False,False,False,False,False,False,True,0.62,Medium Risk
2,55.3,108.65,0,67,4594,36.21666666666667,110.6,2,True,False,False,True,True,False,False,False,False,False,False,False,False,False,False,False,False,False,False,False,True,False,False,True,False,True,False,0.635,Medium Risk
21,99.85,1992.55,0,74,2113,90.57045454545454,2096.85,5,False,False,False,False,True,False,True,True,False,False,False,False,True,False,False,False,False,False,True,False,True,False,False,True,True,False,False,0.52,Medium Risk
6,85.95,514.6,0,80,3291,73.51428571428572,515.7,3,False,False,False,False,True,False,False,True,False,False,False,False,True,False,False,False,False,False,False,False,True,False,False,True,False,False,True,0.7,Medium Risk
23,93.5,2341.55,0,73,4861,97.56458333333336,2150.5,4,False,False,False,False,True,False,True,True,False,False,False,False,False,False,False,False,False,False,True,False,True,False,False,True,False,True,False,0.675,Medium Risk
2,70.35,139.25,0,73,3430,46.41666666666666,140.7,1,False,False,False,False,True,False,False,True,False,False,False,False,False,False,False,False,False,False,False,False,False,False,False,False,False,True,False,0.745,Medium Risk
9,74.85,708.2,0,66,5770,70.82000000000001,673.65,2,False,False,False,False,True,False,False,True,False,False,True,False,False,False,False,False,False,False,False,False,False,False,False,True,False,True,False,0.59,Medium Risk
26,92.4,2349.8,0,75,5461,87.02962962962964,2402.4,5,True,False,False,False,True,False,True,True,False,False,True,False,True,False,False,False,False,False,True,False,False,False,False,True,True,False,False,0.525,Medium Risk
4,90.65,367.95,0,70,3559,73.59,362.6,4,True,False,False,False,True,False,True,True,False,False,True,False,False,False,False,False,False,False,True,False,False,False,False,False,False,True,False,0.715,Medium Risk
5,69.95,320.4,0,73,3850,53.4,349.75,1,False,False,True,True,True,False,False,True,False,False,False,False,False,False,False,False,False,False,False,False,False,False,False,False,True,False,False,0.53,Medium Risk
33,100.0,3320.6,0,76,4643,97.66470588235292,3300.0,5,False,False,False,False,True,False,True,True,False,False,False,False,True,False,False,False,False,False,True,False,True,False,False,True,False,True,False,0.675,Medium Risk
5,90.35,434.5,0,66,4014,72.41666666666667,451.75,4,True,False,True,True,True,False,False,True,False,False,True,False,False,False,True,False,False,False,False,False,True,False,False,True,False,False,True,0.54,Medium Risk
